,mass A,
t,Î¸r,
0.000,-72.44,
0.017,-72.52,
0.033,-72.81,
0.050,-73.34,
0.067,-73.97,
0.084,-74.82,
0.100,-75.79,
0.117,-76.93,
0.134,-78.10,
0.150,-79.46,
0.167,-80.92,
0.184,-82.44,
0.201,-84.03,
0.217,-85.77,
0.234,-87.52,
0.251,-89.32,
0.267,-91.08,
0.284,-92.94,
0.301,-94.70,
0.317,-96.46,
0.334,-98.15,
0.351,-99.71,
0.368,-101.2,
0.384,-102.6,
0.401,-103.8,
0.418,-104.9,
0.434,-105.8,
0.451,-106.6,
0.468,-107.2,
0.485,-107.6,
0.501,-107.8,
0.518,-107.8,
0.535,-107.6,
0.551,-107.2,
0.568,-106.6,
0.585,-105.7,
0.602,-104.7,
0.618,-103.5,
0.635,-102.2,
0.652,-100.8,
0.668,-99.19,
0.685,-97.54,
0.702,-95.82,
0.718,-94.07,
0.735,-92.28,
0.752,-90.42,
0.769,-88.56,
0.785,-86.77,
0.802,-85.01,
0.819,-83.33,
0.835,-81.79,
0.852,-80.26,
0.869,-78.93,
0.886,-77.67,
0.902,-76.59,
0.919,-75.67,
0.936,-74.82,
0.952,-74.16,
0.969,-73.67,
0.986,-73.33,
1.003,-73.17,
1.019,-73.18,
1.036,-73.34,
1.053,-73.70,
1.069,-74.21,
1.086,-74.86,
1.103,-75.69,
1.119,-76.62,
1.136,-77.74,
1.153,-79.00,
1.170,-80.41,
1.186,-81.84,
1.203,-83.40,
1.220,-85.02,
1.236,-86.76,
1.253,-88.51,
1.270,-90.30,
1.287,-92.08,
1.303,-93.81,
1.320,-95.49,
1.337,-97.21,
1.353,-98.78,
1.370,-100.3,
1.387,-101.7,
1.404,-102.9,
1.420,-104.1,
1.437,-105.0,
1.454,-105.8,
1.470,-106.5,
1.487,-106.9,
1.504,-107.1,
1.520,-107.1,
1.537,-106.9,
1.554,-106.6,
1.571,-105.9,
1.587,-105.2,
1.604,-104.3,
1.621,-103.3,
1.637,-102.1,
1.654,-100.8,
1.671,-99.39,
1.688,-97.91,
1.704,-96.29,
1.721,-94.68,
1.738,-92.98,
1.754,-91.31,
1.771,-89.64,
1.788,-87.97,
1.805,-86.36,
1.821,-84.75,
1.838,-83.23,
1.855,-81.77,
1.871,-80.39,
1.888,-79.07,
1.905,-77.93,
1.922,-76.87,
1.938,-75.98,
1.955,-75.27,
1.972,-74.64,
1.988,-74.16,
2.005,-73.83,
2.022,-73.67,
2.038,-73.69,
2.055,-73.83,
2.072,-74.20,
2.089,-74.72,
2.105,-75.41,
2.122,-76.26,
2.139,-77.27,
2.155,-78.41,
2.172,-79.66,
2.189,-81.14,
2.206,-82.64,
2.222,-84.28,
2.239,-85.95,
2.256,-87.67,
2.272,-89.42,
2.289,-91.21,
2.306,-92.95,
2.323,-94.75,
2.339,-96.39,
2.356,-97.99,
2.373,-99.43,
2.389,-100.8,
2.406,-102.0,
2.423,-103.1,
2.439,-104.1,
2.456,-104.9,
2.473,-105.5,
2.490,-105.9,
2.506,-106.1,
2.523,-106.2,
2.540,-106.1,
2.556,-105.8,
2.573,-105.3,
2.590,-104.6,
2.607,-103.8,
2.623,-102.9,
2.640,-101.9,
2.657,-100.7,
2.673,-99.46,
2.690,-98.12,
2.707,-96.70,
2.724,-95.21,
2.740,-93.71,
2.757,-92.22,
2.774,-90.61,
2.790,-89.07,
2.807,-87.47,
2.824,-85.94,
2.840,-84.48,
2.857,-83.04,
2.874,-81.70,
2.891,-80.37,
2.907,-79.20,
2.924,-78.08,
2.941,-77.06,
2.957,-76.18,
2.974,-75.44,
2.991,-74.79,
3.008,-74.34,
3.024,-74.07,
3.041,-73.97,
3.058,-74.02,
3.074,-74.23,
3.091,-74.65,
3.108,-75.22,
3.125,-75.96,
3.141,-76.87,
3.158,-77.98,
3.175,-79.22,
3.191,-80.59,
3.208,-82.04,
3.225,-83.64,
3.241,-85.29,
3.258,-86.96,
3.275,-88.74,
3.292,-90.46,
3.308,-92.17,
3.325,-93.90,
3.342,-95.51,
3.358,-97.07,
3.375,-98.56,
3.392,-99.93,
3.409,-101.2,
3.425,-102.2,
3.442,-103.2,
3.459,-104.0,
3.475,-104.6,
3.492,-105.0,
3.509,-105.2,
3.526,-105.2,
3.542,-105.2,
3.559,-105.0,
3.576,-104.5,
3.592,-104.0,
3.609,-103.3,
3.626,-102.5,
3.643,-101.6,
3.659,-100.5,
3.676,-99.40,
3.693,-98.19,
3.709,-96.85,
3.726,-95.53,
3.743,-94.15,
3.759,-92.67,
3.776,-91.22,
3.793,-89.77,
3.810,-88.27,
3.826,-86.80,
3.843,-85.33,
3.860,-83.90,
3.876,-82.53,
3.893,-81.26,
3.910,-80.03,
3.927,-78.92,
3.943,-77.90,
3.960,-76.94,
3.977,-76.12,
3.993,-75.45,
4.010,-74.86,
4.027,-74.51,
4.044,-74.33,
4.060,-74.29,
4.077,-74.40,
4.094,-74.74,
4.110,-75.27,
4.127,-75.99,
4.144,-76.84,
4.160,-77.87,
4.177,-79.06,
4.194,-80.40,
4.211,-81.79,
4.227,-83.33,
4.244,-84.96,
4.261,-86.50,
4.277,-88.17,
4.294,-89.86,
4.311,-91.50,
4.328,-93.16,
4.344,-94.80,
4.361,-96.26,
4.378,-97.75,
4.394,-99.08,
4.411,-100.3,
4.428,-101.4,
4.445,-102.3,
4.461,-103.0,
4.478,-103.6,
4.495,-104.1,
4.511,-104.4,
4.528,-104.5,
4.545,-104.5,
4.561,-104.3,
4.578,-104.0,
4.595,-103.5,
4.612,-102.9,
4.628,-102.2,
4.645,-101.4,
4.662,-100.5,
4.678,-99.47,
4.695,-98.36,
4.712,-97.20,
4.729,-95.91,
4.745,-94.63,
4.762,-93.24,
4.779,-91.87,
4.795,-90.40,
4.812,-89.06,
4.829,-87.60,
4.846,-86.17,
4.862,-84.79,
4.879,-83.43,
4.896,-82.11,
4.912,-80.85,
4.929,-79.70,
4.946,-78.64,
4.962,-77.70,
4.979,-76.15,
4.996,-75.54,
5.013,-75.14,
5.029,-74.85,
5.046,-74.78,
5.063,-74.84,
5.079,-75.10,
5.096,-75.60,
5.113,-76.20,
5.130,-76.98,
5.146,-77.93,
5.163,-79.06,
5.180,-80.30,
5.196,-81.63,
5.213,-83.05,
5.230,-84.60,
5.247,-86.19,
5.263,-87.79,
5.280,-89.38,
5.297,-90.99,
5.313,-92.64,
5.330,-94.12,
5.347,-95.57,
5.363,-96.99,
5.380,-98.27,
5.397,-99.47,
5.414,-100.5,
5.430,-101.4,
5.447,-102.2,
5.464,-102.9,
5.480,-103.3,
5.497,-103.6,
5.514,-103.7,
5.531,-103.8,
5.547,-103.7,
5.564,-103.5,
5.581,-103.1,
5.597,-102.6,
5.614,-101.9,
5.631,-101.2,
5.648,-100.4,
5.664,-99.48,
5.681,-98.43,
5.698,-97.36,
5.714,-96.23,
5.731,-95.02,
5.748,-93.81,
5.765,-92.44,
5.781,-91.17,
5.798,-89.81,
5.815,-88.39,
5.831,-87.03,
5.848,-85.61,
5.865,-84.31,
5.881,-83.03,
5.898,-81.83,
5.915,-80.61,
5.932,-79.52,
5.948,-78.52,
5.965,-77.61,
5.982,-76.88,
5.998,-76.25,
6.015,-75.78,
6.032,-75.44,
6.049,-75.30,
6.065,-75.31,
6.082,-75.50,
6.099,-75.90,
6.115,-76.45,
6.132,-77.20,
6.149,-78.07,
6.166,-79.09,
6.182,-80.26,
6.199,-81.53,
6.216,-82.94,
6.232,-84.41,
6.249,-85.88,
6.266,-87.44,
6.282,-89.03,
6.299,-90.60,
6.316,-92.07,
6.333,-93.54,
6.349,-95.01,
6.366,-96.34,
6.383,-97.62,
6.399,-98.76,
6.416,-99.77,
6.433,-100.6,
6.450,-101.4,
6.466,-102.1,
6.483,-102.5,
6.500,-102.9,
6.516,-103.1,
6.533,-103.1,
6.550,-103.1,
6.567,-102.9,
6.583,-102.5,
6.600,-102.1,
6.617,-101.6,
6.633,-101.0,
6.650,-100.3,
6.667,-99.42,
6.683,-98.52,
6.700,-97.47,
6.717,-96.38,
6.734,-95.25,
6.750,-94.13,
6.767,-92.82,
6.784,-91.53,
6.800,-90.21,
6.817,-88.92,
6.834,-87.58,
6.851,-86.21,
6.867,-84.87,
6.884,-83.61,
6.901,-82.37,
6.917,-81.20,
6.934,-80.12,
6.951,-79.07,
6.968,-78.18,
6.984,-77.36,
7.001,-76.75,
7.018,-76.23,
7.034,-75.88,
7.051,-75.69,
7.068,-75.66,
7.084,-75.79,
7.101,-76.15,
7.118,-76.67,
7.135,-77.33,
7.151,-78.16,
7.168,-79.14,
7.185,-80.24,
7.201,-81.45,
7.218,-82.72,
7.235,-84.15,
7.252,-85.56,
7.268,-87.04,
7.285,-88.56,
7.302,-90.06,
7.318,-91.54,
7.335,-92.99,
7.352,-94.34,
7.369,-95.62,
7.385,-96.84,
7.402,-98.00,
7.419,-99.04,
7.435,-99.95,
7.452,-100.7,
7.469,-101.3,
7.486,-101.8,
7.502,-102.2,
7.519,-102.4,
7.536,-102.6,
7.552,-102.6,
7.569,-102.4,
7.586,-102.2,
7.602,-101.8,
7.619,-101.4,
7.636,-100.8,
7.653,-100.1,
7.669,-99.41,
7.686,-98.55,
7.703,-97.66,
7.719,-96.64,
7.736,-95.56,
7.753,-94.44,
7.770,-93.29,
7.786,-92.07,
7.803,-90.77,
7.820,-89.49,
7.836,-88.18,
7.853,-86.86,
7.870,-85.58,
7.887,-84.33,
7.903,-83.12,
7.920,-81.93,
7.937,-80.83,
7.953,-79.81,
7.970,-78.86,
7.987,-78.06,
8.003,-77.36,
8.020,-76.86,
8.037,-76.48,
8.054,-76.22,
8.070,-76.16,
8.087,-76.28,
8.104,-76.56,
8.120,-77.04,
8.137,-77.61,
8.154,-78.42,
8.171,-79.34,
8.187,-80.32,
8.204,-81.48,
8.221,-82.72,
8.237,-84.04,
8.254,-85.45,
8.271,-86.83,
8.288,-88.26,
8.304,-89.71,
8.321,-91.11,
8.338,-92.49,
8.354,-93.82,
8.371,-95.09,
8.388,-96.32,
8.404,-97.38,
8.421,-98.43,
8.438,-99.27,
8.455,-100.0,
8.471,-100.6,
8.488,-101.2,
8.505,-101.6,
8.521,-101.9,
8.538,-102.1,
8.555,-102.1,
8.572,-102.0,
8.588,-101.8,
8.605,-101.5,
8.622,-101.1,
8.638,-100.6,
8.655,-100.0,
8.672,-99.34,
8.689,-98.58,
8.705,-97.76,
8.722,-96.82,
8.739,-95.82,
8.755,-94.74,
8.772,-93.62,
8.789,-92.42,
8.805,-91.23,
8.822,-89.99,
8.839,-88.69,
8.856,-87.45,
8.872,-86.16,
8.889,-84.95,
8.906,-83.69,
8.922,-82.56,
8.939,-81.50,
8.956,-80.46,
8.973,-79.57,
8.989,-78.74,
9.006,-78.04,
9.023,-77.47,
9.039,-77.08,
9.056,-76.86,
9.073,-76.78,
9.090,-76.81,
9.106,-77.03,
9.123,-77.41,
9.140,-77.98,
9.156,-78.65,
9.173,-79.51,
9.190,-80.48,
9.207,-81.56,
9.223,-82.70,
9.240,-83.96,
9.257,-85.20,
9.273,-86.60,
9.290,-87.94,
9.307,-89.32,
9.323,-90.65,
9.340,-92.00,
9.357,-93.28,
9.374,-94.51,
9.390,-95.71,
9.407,-96.77,
9.424,-97.76,
9.440,-98.67,
9.457,-99.42,
9.474,-100.1,
9.491,-100.6,
9.507,-101.1,
9.524,-101.4,
9.541,-101.6,
9.557,-101.7,
9.574,-101.7,
9.591,-101.6,
9.608,-101.3,
9.624,-100.9,
9.641,-100.5,
9.658,-99.94,
9.674,-99.31,
9.691,-98.58,
9.708,-97.78,
9.724,-96.93,
9.741,-95.96,
9.758,-94.98,
9.775,-93.89,
9.791,-92.75,
9.808,-91.58,
9.825,-90.40,
9.841,-89.15,
9.858,-87.90,
9.875,-86.67,
9.892,-85.49,
9.908,-84.27,
9.925,-83.05,
9.942,-82.04,
9.958,-81.02,
9.975,-80.08,
9.992,-79.30,
10.009,-78.58,
10.025,-78.00,
10.042,-77.57,
10.059,-77.25,
10.075,-77.14,
10.092,-77.17,
10.109,-77.35,
10.125,-77.72,
10.142,-78.24,
10.159,-78.84,
10.176,-79.59,
10.192,-80.50,
10.209,-81.53,
10.226,-82.63,
10.242,-83.81,
10.259,-85.06,
10.276,-86.36,
10.293,-87.70,
10.309,-89.02,
10.326,-90.30,
10.343,-91.57,
10.359,-92.78,
10.376,-93.99,
10.393,-95.14,
10.410,-96.19,
10.426,-97.12,
10.443,-98.01,
10.460,-98.80,
10.476,-99.51,
10.493,-100.0,
10.510,-100.5,
10.526,-100.8,
10.543,-101.0,
10.560,-101.1,
10.577,-101.2,
10.593,-101.1,
10.610,-100.9,
10.627,-100.7,
10.643,-100.3,
10.660,-99.76,
10.677,-99.17,
10.694,-98.48,
10.710,-97.72,
10.727,-96.86,
10.744,-95.95,
10.760,-94.98,
10.777,-93.96,
10.794,-92.86,
10.811,-91.76,
10.827,-90.53,
10.844,-89.34,
10.861,-88.14,
10.877,-86.93,
10.894,-85.73,
10.911,-84.57,
10.928,-83.48,
10.944,-82.41,
10.961,-81.39,
10.978,-80.53,
10.994,-79.71,
11.011,-79.05,
11.028,-78.48,
11.044,-78.03,
11.061,-77.73,
11.078,-77.61,
11.095,-77.63,
11.111,-77.77,
11.128,-78.12,
11.145,-78.57,
11.161,-79.12,
11.178,-79.87,
11.195,-80.70,
11.212,-81.67,
11.228,-82.66,
11.245,-83.81,
11.262,-84.95,
11.278,-86.19,
11.295,-87.45,
11.312,-88.67,
11.329,-89.94,
11.345,-91.20,
11.362,-92.42,
11.379,-93.57,
11.395,-94.66,
11.412,-95.67,
11.429,-96.61,
11.445,-97.43,
11.462,-98.25,
11.479,-98.88,
11.496,-99.49,
11.512,-99.94,
11.529,-100.3,
11.546,-100.5,
11.562,-100.7,
11.579,-100.7,
11.596,-100.7,
11.613,-100.6,
11.629,-100.3,
11.646,-99.94,
11.663,-99.53,
11.679,-98.98,
11.696,-98.33,
11.713,-97.62,
11.730,-96.85,
11.746,-95.96,
11.763,-95.02,
11.780,-94.06,
11.796,-92.96,
11.813,-91.91,
11.830,-90.78,
11.846,-89.61,
11.863,-88.39,
11.880,-87.27,
11.897,-86.09,
11.913,-84.95,
11.930,-83.91,
11.947,-82.85,
11.963,-81.90,
11.980,-81.00,
11.997,-80.24,
12.014,-79.58,
12.030,-79.02,
12.047,-78.58,
12.064,-78.29,
12.080,-78.13,
12.097,-78.15,
12.114,-78.28,
12.131,-78.55,
12.147,-78.98,
12.164,-79.51,
12.181,-80.23,
12.197,-80.99,
12.214,-81.87,
12.231,-82.87,
12.247,-83.94,
12.264,-84.99,
12.281,-86.11,
12.298,-87.32,
12.314,-88.50,
12.331,-89.72,
12.348,-90.87,
12.364,-92.02,
12.381,-93.13,
12.398,-94.19,
12.415,-95.23,
12.431,-96.15,
12.448,-97.00,
12.465,-97.76,
12.481,-98.48,
12.498,-99.06,
12.515,-99.57,
12.532,-99.94,
12.548,-100.2,
12.565,-100.4,
12.582,-100.5,
12.598,-100.5,
12.615,-100.4,
12.632,-100.1,
12.648,-99.82,
12.665,-99.41,
12.682,-98.91,
12.699,-98.33,
12.715,-97.63,
12.732,-96.87,
12.749,-96.07,
12.765,-95.15,
12.782,-94.14,
12.799,-93.12,
12.816,-92.01,
12.832,-90.95,
12.849,-89.80,
12.866,-88.65,
12.882,-87.53,
12.899,-86.39,
12.916,-85.27,
12.933,-84.24,
12.949,-83.20,
12.966,-82.25,
12.983,-81.44,
12.999,-80.65,
13.016,-79.95,
13.033,-79.47,
13.050,-79.02,
13.066,-78.73,
13.083,-78.58,
13.100,-78.53,
13.116,-78.59,
13.133,-78.82,
13.150,-79.24,
13.166,-79.77,
13.183,-80.39,
13.200,-81.11,
13.217,-81.90,
13.233,-82.86,
13.250,-83.84,
13.267,-84.92,
13.283,-86.03,
13.300,-87.14,
13.317,-88.30,
13.334,-89.42,
13.350,-90.60,
13.367,-91.67,
13.384,-92.79,
13.400,-93.82,
13.417,-94.76,
13.434,-95.69,
13.451,-96.53,
13.467,-97.31,
13.484,-98.00,
13.501,-98.53,
13.517,-99.07,
13.534,-99.48,
13.551,-99.78,
13.567,-99.93,
13.584,-100.0,
13.601,-100.0,
13.618,-99.94,
13.634,-99.76,
13.651,-99.43,
13.668,-99.04,
13.684,-98.62,
13.701,-98.04,
13.718,-97.41,
13.735,-96.69,
13.751,-95.87,
13.768,-94.95,
13.785,-94.08,
13.801,-93.05,
13.818,-92.04,
13.835,-90.97,
13.852,-89.91,
13.868,-88.81,
13.885,-87.70,
13.902,-86.58,
13.918,-85.54,
13.935,-84.52,
13.952,-83.48,
13.968,-82.60,
13.985,-81.79,
14.002,-81.02,
14.019,-80.39,
14.035,-79.88,
14.052,-79.43,
14.069,-79.16,
14.085,-79.04,
14.102,-79.00,
14.119,-79.07,
14.136,-79.31,
14.152,-79.63,
14.169,-80.13,
14.186,-80.69,
14.202,-81.40,
14.219,-82.16,
14.236,-83.02,
14.253,-83.96,
14.269,-84.93,
14.286,-85.98,
14.303,-87.06,
14.319,-88.11,
14.336,-89.23,
14.353,-90.34,
14.369,-91.40,
14.386,-92.46,
14.403,-93.45,
14.420,-94.44,
14.436,-95.33,
14.453,-96.17,
14.470,-96.93,
14.486,-97.55,
14.503,-98.18,
14.520,-98.70,
14.537,-99.07,
14.553,-99.40,
14.570,-99.60,
14.587,-99.73,
14.603,-99.74,
14.620,-99.73,
14.637,-99.56,
14.654,-99.28,
14.670,-98.94,
14.687,-98.48,
14.704,-97.89,
14.720,-97.28,
14.737,-96.61,
14.754,-95.79,
14.771,-94.98,
14.787,-94.10,
14.804,-93.11,
14.821,-92.12,
14.837,-91.09,
14.854,-89.98,
14.871,-88.95,
14.887,-87.89,
14.904,-86.86,
14.921,-85.86,
14.938,-84.86,
14.954,-83.91,
14.971,-83.00,
14.988,-82.20,
15.004,-81.46,
15.021,-80.89,
15.038,-80.36,
15.055,-79.90,
15.071,-79.62,
15.088,-79.42,
15.105,-79.42,
15.121,-79.48,
15.138,-79.67,
15.155,-80.02,
15.172,-80.49,
15.188,-81.06,
15.205,-81.70,
15.222,-82.39,
15.238,-83.17,
15.255,-84.06,
15.272,-85.01,
15.288,-86.03,
15.305,-87.01,
15.322,-88.03,
15.339,-89.08,
15.355,-90.09,
15.372,-91.11,
15.389,-92.14,
15.405,-93.10,
15.422,-94.03,
15.439,-94.86,
15.456,-95.71,
15.472,-96.50,
15.489,-97.19,
15.506,-97.76,
15.522,-98.30,
15.539,-98.73,
15.556,-99.04,
15.573,-99.26,
15.589,-99.37,
15.606,-99.43,
15.623,-99.41,
15.639,-99.31,
15.656,-99.03,
15.673,-98.71,
15.689,-98.27,
15.706,-97.75,
15.723,-97.23,
15.740,-96.51,
15.756,-95.80,
15.773,-94.96,
15.790,-94.12,
15.806,-93.18,
15.823,-92.25,
15.840,-91.23,
15.857,-90.22,
15.873,-89.17,
15.890,-88.18,
15.907,-87.16,
15.923,-86.16,
15.940,-85.21,
15.957,-84.30,
15.974,-83.45,
15.990,-82.65,
16.007,-81.95,
16.024,-81.29,
16.040,-80.83,
16.057,-80.39,
16.074,-80.10,
16.090,-79.90,
16.107,-79.82,
16.124,-79.83,
16.141,-79.99,
16.157,-80.31,
16.174,-80.73,
16.191,-81.21,
16.207,-81.83,
16.224,-82.52,
16.241,-83.27,
16.258,-84.13,
16.274,-85.06,
16.291,-86.00,
16.308,-86.95,
16.324,-87.92,
16.341,-88.98,
16.358,-89.96,
16.375,-90.98,
16.391,-91.95,
16.408,-92.93,
16.425,-93.84,
16.441,-94.68,
16.458,-95.47,
16.475,-96.21,
16.492,-96.85,
16.508,-97.45,
16.525,-97.95,
16.542,-98.35,
16.558,-98.67,
16.575,-98.95,
16.592,-99.04,
16.608,-99.12,
16.625,-99.14,
16.642,-99.01,
16.659,-98.76,
16.675,-98.42,
16.692,-98.05,
16.709,-97.56,
16.725,-97.01,
16.742,-96.35,
16.759,-95.67,
16.776,-94.83,
16.792,-94.00,
16.809,-93.12,
16.826,-92.16,
16.842,-91.23,
16.859,-90.21,
16.876,-89.23,
16.893,-87.28,
16.909,-86.29,
16.926,-85.32,
16.943,-84.46,
16.959,-83.64,
16.976,-82.87,
16.993,-82.19,
17.009,-81.58,
17.026,-81.09,
17.043,-80.72,
17.060,-80.41,
17.076,-80.21,
17.093,-80.19,
17.110,-80.24,
17.126,-80.36,
17.143,-80.63,
17.160,-80.99,
17.177,-81.44,
17.193,-81.42,
17.210,-82.00,
17.227,-82.64,
17.243,-83.36,
17.260,-84.16,
17.277,-84.99,
17.294,-85.84,
17.310,-86.80,
17.327,-87.74,
17.344,-88.71,
17.360,-89.70,
17.377,-90.65,
17.394,-91.62,
17.410,-92.54,
17.427,-93.41,
17.444,-94.22,
17.461,-95.03,
17.477,-95.74,
17.494,-96.43,
17.511,-96.98,
17.527,-97.46,
17.544,-97.89,
17.561,-98.49,
17.578,-98.62,
17.594,-98.66,
17.611,-98.67,
17.628,-98.60,
17.644,-98.36,
17.661,-98.06,
17.678,-97.65,
17.695,-97.21,
17.711,-96.65,
17.728,-96.02,
17.745,-95.34,
17.761,-94.60,
17.778,-93.77,
17.795,-92.92,
17.811,-92.01,
17.828,-91.10,
17.845,-90.12,
17.862,-89.17,
17.878,-88.21,
17.895,-87.29,
17.912,-86.34,
17.928,-85.46,
17.945,-84.61,
17.962,-83.83,
17.979,-83.11,
17.995,-82.47,
18.012,-81.87,
18.029,-81.42,
18.045,-81.01,
18.062,-80.76,
18.079,-80.54,
18.096,-80.52,
18.112,-80.53,
18.129,-80.61,
18.146,-80.87,
18.162,-81.22,
18.179,-81.69,
18.196,-82.19,
18.213,-82.78,
18.229,-83.47,
18.246,-84.22,
18.263,-84.99,
18.279,-85.86,
18.296,-86.80,
18.313,-87.68,
18.329,-88.58,
18.346,-89.52,
18.363,-90.45,
18.380,-91.38,
18.396,-92.27,
18.413,-93.15,
18.430,-93.95,
18.446,-94.75,
18.463,-95.45,
18.480,-96.07,
18.497,-96.65,
18.513,-97.16,
18.530,-97.56,
18.547,-97.91,
18.563,-98.16,
18.580,-98.33,
18.597,-98.40,
18.614,-98.39,
18.630,-98.31,
18.647,-98.13,
18.664,-97.82,
18.680,-97.48,
18.697,-96.99,
18.714,-96.47,
18.730,-95.90,
18.747,-95.21,
18.764,-94.52,
18.781,-93.74,
18.797,-92.88,
18.814,-92.01,
18.831,-91.14,
18.847,-90.21,
18.864,-89.31,
18.881,-88.37,
18.898,-87.49,
18.914,-86.57,
18.931,-85.68,
18.948,-84.89,
18.964,-84.12,
18.981,-83.43,
18.998,-82.78,
19.015,-82.27,
19.031,-81.84,
19.048,-81.42,
19.065,-81.14,
19.081,-80.92,
19.098,-80.86,
19.115,-80.86,
19.131,-80.91,
19.148,-81.15,
19.165,-81.47,
19.182,-81.90,
19.198,-82.39,
19.215,-82.99,
19.232,-83.61,
19.248,-84.35,
19.265,-85.12,
19.282,-85.95,
19.299,-86.77,
19.315,-87.66,
19.332,-88.58,
19.349,-89.48,
19.365,-90.38,
19.382,-91.30,
19.399,-92.16,
19.416,-93.05,
19.432,-93.85,
19.449,-94.56,
19.466,-95.25,
19.482,-95.92,
19.499,-96.43,
19.516,-96.93,
19.532,-97.33,
19.549,-97.66,
19.566,-97.91,
19.583,-98.06,
19.599,-98.12,
19.616,-98.13,
19.633,-98.06,
19.649,-97.85,
19.666,-97.60,
19.683,-97.23,
19.700,-96.76,
19.716,-96.28,
19.733,-95.69,
19.750,-95.03,
19.766,-94.33,
19.783,-93.56,
19.800,-92.76,
19.817,-91.91,
19.833,-91.08,
19.850,-90.23,
19.867,-89.33,
19.883,-88.41,
19.900,-87.52,
19.917,-86.67,
19.933,-85.84,
19.950,-85.09,
19.967,-84.35,
19.984,-83.75,
20.000,-83.06,
20.017,-82.53,
20.034,-82.10,
20.050,-81.76,
20.067,-81.50,
20.084,-81.35,
20.101,-81.24,
20.117,-81.27,
20.134,-81.36,
20.151,-81.55,
20.167,-81.85,
20.184,-82.26,
20.201,-82.76,
20.218,-83.32,
20.234,-83.96,
20.251,-84.63,
20.268,-85.37,
20.284,-86.13,
20.301,-87.01,
20.318,-87.84,
20.335,-88.71,
20.351,-89.60,
20.368,-90.46,
20.385,-91.33,
20.401,-92.14,
20.418,-92.93,
20.435,-93.75,
20.451,-94.43,
20.468,-95.13,
20.485,-95.70,
20.502,-96.21,
20.518,-96.67,
20.535,-97.05,
20.552,-97.41,
20.568,-97.61,
20.585,-97.77,
20.602,-97.85,
20.619,-97.87,
20.635,-97.79,
20.652,-97.64,
20.669,-97.31,
20.685,-97.02,
20.702,-96.56,
20.719,-96.08,
20.736,-95.54,
20.752,-94.89,
20.769,-94.20,
20.786,-93.51,
20.802,-92.72,
20.819,-91.95,
20.836,-91.12,
20.852,-90.21,
20.869,-89.39,
20.886,-88.52,
20.903,-87.69,
20.919,-86.89,
20.936,-86.09,
20.953,-85.36,
20.969,-84.63,
20.986,-83.99,
21.003,-83.39,
21.020,-82.87,
21.036,-82.42,
21.053,-82.04,
21.070,-81.82,
21.086,-81.66,
21.103,-81.56,
21.120,-81.58,
21.137,-81.65,
21.153,-81.84,
21.170,-82.14,
21.187,-82.51,
21.203,-82.96,
21.220,-83.48,
21.237,-84.08,
21.253,-84.73,
21.270,-85.42,
21.287,-86.23,
21.304,-87.00,
21.320,-87.82,
21.337,-88.65,
21.354,-89.50,
21.370,-90.35,
21.387,-91.16,
21.404,-92.06,
21.421,-92.80,
21.437,-93.55,
21.454,-94.26,
21.471,-94.92,
21.487,-95.46,
21.504,-96.02,
21.521,-96.51,
21.538,-96.92,
21.554,-97.19,
21.571,-97.37,
21.588,-97.52,
21.604,-97.60,
21.621,-97.60,
21.638,-97.56,
21.654,-97.34,
21.671,-97.12,
21.688,-96.74,
21.705,-96.35,
21.721,-95.90,
21.738,-95.30,
21.755,-94.73,
21.771,-94.09,
21.788,-93.38,
21.805,-92.63,
21.822,-91.79,
21.838,-90.99,
21.855,-90.22,
21.872,-89.38,
21.888,-88.56,
21.905,-87.76,
21.922,-86.95,
21.939,-86.19,
21.955,-85.43,
21.972,-84.76,
21.989,-84.12,
22.005,-83.56,
22.022,-83.07,
22.039,-82.65,
22.056,-82.31,
22.072,-82.07,
22.089,-81.90,
22.106,-81.82,
22.122,-81.83,
22.139,-81.90,
22.156,-82.08,
22.172,-82.38,
22.189,-82.71,
22.206,-83.14,
22.223,-83.66,
22.239,-84.25,
22.256,-84.85,
22.273,-85.56,
22.289,-86.34,
22.306,-87.12,
22.323,-87.94,
22.340,-88.74,
22.356,-89.55,
22.373,-90.37,
22.390,-91.15,
22.406,-91.97,
22.423,-92.72,
22.440,-93.49,
22.457,-94.18,
22.473,-94.73,
22.490,-95.31,
22.507,-95.83,
22.523,-96.29,
22.540,-96.64,
22.557,-96.95,
22.573,-97.13,
22.590,-97.24,
22.607,-97.34,
22.624,-97.33,
22.640,-97.28,
22.657,-97.10,
22.674,-96.82,
22.690,-96.50,
22.707,-96.12,
22.724,-95.64,
22.741,-95.12,
22.757,-94.51,
22.774,-93.91,
22.791,-93.16,
22.807,-92.49,
22.824,-91.78,
22.841,-90.98,
22.858,-90.19,
22.874,-89.42,
22.891,-88.67,
22.908,-87.85,
22.924,-87.11,
22.941,-86.43,
22.958,-85.67,
22.974,-85.01,
22.991,-84.41,
23.008,-83.84,
23.025,-83.38,
23.041,-82.93,
23.058,-82.58,
23.075,-82.36,
23.091,-82.21,
23.108,-82.09,
23.125,-82.10,
23.142,-82.18,
23.158,-82.32,
23.175,-82.62,
23.192,-82.96,
23.208,-83.37,
23.225,-83.89,
23.242,-84.43,
23.259,-85.02,
23.275,-85.70,
23.292,-86.41,
23.309,-87.15,
23.325,-87.96,
23.342,-88.73,
23.359,-89.53,
23.375,-90.35,
23.392,-91.07,
23.409,-91.83,
23.426,-92.54,
23.442,-93.24,
23.459,-93.93,
23.476,-94.55,
23.492,-95.12,
23.509,-95.56,
23.526,-96.02,
23.543,-96.38,
23.559,-96.65,
23.576,-96.84,
23.593,-96.97,
23.609,-97.00,
23.626,-97.04,
23.643,-96.99,
23.660,-96.78,
23.676,-96.57,
23.693,-96.27,
23.710,-95.92,
23.726,-95.42,
23.743,-94.88,
23.760,-94.32,
23.777,-93.70,
23.793,-93.07,
23.810,-92.38,
23.827,-91.66,
23.843,-90.93,
23.860,-90.19,
23.877,-89.44,
23.893,-88.67,
23.910,-87.94,
23.927,-87.19,
23.944,-86.46,
23.960,-85.82,
23.977,-85.19,
23.994,-84.59,
24.010,-84.07,
24.027,-83.63,
24.044,-83.21,
24.061,-82.88,
24.077,-82.60,
24.094,-82.45,
24.111,-82.37,
24.127,-82.38,
24.144,-82.41,
24.161,-82.60,
24.178,-82.85,
24.194,-83.21,
24.211,-83.57,
24.228,-84.10,
24.244,-84.64,
24.261,-85.25,
24.278,-85.85,
24.294,-86.60,
24.311,-87.33,
24.328,-88.10,
24.345,-88.89,
24.361,-89.64,
24.378,-90.44,
24.395,-91.16,
24.411,-91.92,
24.428,-92.63,
24.445,-93.27,
24.462,-93.93,
24.478,-94.53,
24.495,-95.05,
24.512,-95.51,
24.528,-95.91,
24.545,-96.24,
24.562,-96.57,
24.579,-96.75,
24.595,-96.85,
24.612,-96.91,
24.629,-96.87,
24.645,-96.82,
24.662,-96.63,
24.679,-96.36,
24.695,-96.06,
24.712,-95.69,
24.729,-95.23,
24.746,-94.76,
24.762,-94.25,
24.779,-93.66,
24.796,-93.01,
24.812,-92.32,
24.829,-91.64,
24.846,-90.97,
24.863,-90.17,
24.879,-89.46,
24.896,-88.75,
24.913,-88.00,
24.929,-87.29,
24.946,-86.57,
24.963,-85.89,
24.980,-85.31,
24.996,-84.75,
25.013,-84.24,
25.030,-83.77,
25.046,-83.36,
25.063,-83.07,
25.080,-82.84,
25.096,-82.71,
25.113,-82.63,
25.130,-82.60,
25.147,-82.66,
25.163,-82.84,
25.180,-83.09,
25.197,-83.41,
25.213,-83.83,
25.230,-84.33,
25.247,-84.86,
25.264,-85.46,
25.280,-86.07,
25.297,-86.73,
25.314,-87.45,
25.330,-88.16,
25.347,-88.91,
25.364,-89.63,
25.381,-90.39,
25.397,-91.15,
25.414,-91.87,
25.431,-92.54,
25.447,-93.18,
25.464,-93.75,
25.481,-94.37,
25.498,-94.84,
25.514,-95.25,
25.531,-95.66,
25.548,-95.99,
25.564,-96.27,
25.581,-96.46,
25.598,-96.53,
25.614,-96.61,
25.631,-96.60,
25.648,-96.52,
25.665,-96.34,
25.681,-96.13,
25.698,-95.80,
25.715,-95.44,
25.731,-94.99,
25.748,-94.57,
25.765,-94.03,
25.782,-93.45,
25.798,-92.87,
25.815,-92.20,
25.832,-91.55,
25.848,-90.80,
25.865,-90.11,
25.882,-89.38,
25.899,-88.68,
25.915,-87.99,
25.932,-87.31,
25.949,-86.63,
25.965,-86.01,
25.982,-85.39,
25.999,-84.85,
26.015,-84.38,
26.032,-83.95,
26.049,-83.57,
26.066,-83.30,
26.082,-83.10,
26.099,-82.99,
26.116,-82.93,
26.132,-82.90,
26.149,-82.95,
26.166,-83.13,
26.183,-83.39,
26.199,-83.72,
26.216,-84.08,
26.233,-84.53,
26.249,-85.06,
26.266,-85.62,
26.283,-86.27,
26.300,-86.90,
26.316,-87.56,
26.333,-88.21,
26.350,-88.91,
26.366,-89.68,
26.383,-90.37,
26.400,-91.04,
26.416,-91.75,
26.433,-92.40,
26.450,-92.99,
26.467,-93.60,
26.483,-94.10,
26.500,-94.58,
26.517,-95.02,
26.533,-95.38,
26.550,-95.69,
26.567,-95.92,
26.584,-96.09,
26.600,-96.18,
26.617,-96.22,
26.634,-96.24,
26.650,-96.19,
26.667,-96.01,
26.684,-95.80,
26.701,-95.52,
26.717,-95.15,
26.734,-94.72,
26.751,-94.29,
26.767,-93.81,
26.784,-93.23,
26.801,-92.66,
26.817,-92.04,
26.834,-91.42,
26.851,-90.77,
26.868,-90.05,
26.884,-89.35,
26.901,-88.61,
26.918,-88.00,
26.934,-87.32,
26.951,-86.66,
26.968,-86.07,
26.985,-85.48,
27.001,-84.97,
27.018,-84.50,
27.035,-84.07,
27.051,-83.75,
27.068,-83.41,
27.085,-83.28,
27.102,-83.16,
27.118,-83.11,
27.135,-83.11,
27.152,-83.17,
27.168,-83.37,
27.185,-83.64,
27.202,-83.97,
27.218,-84.32,
27.235,-84.80,
27.252,-85.34,
27.269,-85.86,
27.285,-86.49,
27.302,-87.08,
27.319,-87.70,
27.335,-88.39,
27.352,-89.09,
27.369,-89.72,
27.386,-90.44,
27.402,-91.12,
27.419,-91.73,
27.436,-92.38,
27.452,-92.96,
27.469,-93.55,
27.486,-94.02,
27.503,-94.50,
27.519,-94.90,
27.536,-95.26,
27.553,-95.56,
27.569,-95.78,
27.586,-95.95,
27.603,-96.02,
27.620,-96.09,
27.636,-96.07,
27.653,-96.03,
27.670,-95.85,
27.686,-95.60,
27.703,-95.31,
27.720,-94.97,
27.736,-94.56,
27.753,-94.11,
27.770,-93.62,
27.787,-93.07,
27.803,-92.50,
27.820,-91.89,
27.837,-91.23,
27.853,-90.57,
27.870,-89.91,
27.887,-89.28,
27.904,-88.58,
27.920,-87.93,
27.937,-87.31,
27.954,-86.68,
27.970,-86.10,
27.987,-85.59,
28.004,-85.10,
28.021,-84.66,
28.037,-84.26,
28.054,-83.92,
28.071,-83.67,
28.087,-83.49,
28.104,-83.38,
28.121,-83.35,
28.137,-83.37,
28.154,-83.44,
28.171,-83.63,
28.188,-83.88,
28.204,-84.19,
28.221,-84.58,
28.238,-85.01,
28.254,-85.46,
28.271,-85.98,
28.288,-86.60,
28.305,-87.20,
28.321,-87.84,
28.338,-88.44,
28.355,-89.12,
28.371,-89.82,
28.388,-90.45,
28.405,-91.11,
28.422,-91.73,
28.438,-92.32,
28.455,-92.89,
28.472,-93.43,
28.488,-93.93,
28.505,-94.37,
28.522,-94.75,
28.538,-95.11,
28.555,-95.35,
28.572,-95.60,
28.589,-95.71,
28.605,-95.76,
28.622,-95.82,
28.639,-95.82,
28.655,-95.73,
28.672,-95.58,
28.689,-95.37,
28.706,-95.07,
28.722,-94.69,
28.739,-94.34,
28.756,-93.91,
28.772,-93.37,
28.789,-92.88,
28.806,-92.30,
28.823,-91.71,
28.839,-91.07,
28.856,-90.45,
28.873,-89.80,
28.889,-89.16,
28.906,-88.55,
28.923,-87.89,
28.939,-87.27,
28.956,-86.71,
28.973,-86.14,
28.990,-85.65,
29.006,-85.18,
29.023,-84.76,
29.040,-84.37,
29.056,-84.07,
29.073,-83.84,
29.090,-83.72,
29.107,-83.63,
29.123,-83.58,
29.140,-83.59,
29.157,-83.70,
29.173,-83.91,
29.190,-84.14,
29.207,-84.45,
29.224,-84.82,
29.240,-85.26,
29.257,-85.71,
29.274,-86.24,
29.290,-86.79,
29.307,-87.38,
29.324,-87.98,
29.341,-88.61,
29.357,-89.27,
29.374,-89.90,
29.391,-90.54,
29.407,-91.16,
29.424,-92.35,
29.441,-92.90,
29.457,-93.38,
29.474,-93.85,
29.491,-94.23,
29.508,-94.63,
29.524,-94.94,
29.541,-95.21,
29.558,-95.41,
29.574,-95.52,
29.591,-95.62,
29.608,-95.66,
29.625,-95.60,
29.641,-95.52,
29.658,-95.35,
29.675,-95.09,
29.691,-94.82,
29.708,-94.47,
29.725,-94.11,
29.742,-93.66,
29.758,-93.20,
29.775,-92.70,
29.792,-92.15,
29.808,-91.53,
29.825,-90.96,
29.842,-90.34,
29.858,-89.73,
29.875,-89.14,
29.892,-88.51,
29.909,-87.90,
29.925,-87.32,
29.942,-86.75,
29.959,-86.21,
29.975,-85.70,
29.992,-85.24,
30.009,-84.83,
30.026,-84.53,
30.042,-84.25,
30.059,-83.99,
30.076,-83.83,
30.092,-83.80,
30.109,-83.79,
30.126,-83.82,
30.143,-83.92,
30.159,-84.15,
30.176,-84.39,
30.193,-84.68,
30.209,-85.07,
30.226,-85.51,
30.243,-85.95,
30.259,-86.44,
30.276,-86.99,
30.293,-87.57,
30.310,-88.14,
30.326,-88.74,
30.343,-89.36,
30.360,-89.97,
30.376,-90.60,
30.393,-91.17,
30.410,-91.77,
30.427,-92.33,
30.443,-92.83,
30.460,-93.32,
30.477,-93.74,
30.493,-94.17,
30.510,-94.46,
30.527,-94.83,
30.544,-95.04,
30.560,-95.23,
30.577,-95.37,
30.594,-95.41,
30.610,-95.45,
30.627,-95.44,
30.644,-95.35,
30.660,-95.17,
30.677,-94.86,
30.694,-94.60,
30.711,-94.27,
30.727,-93.90,
30.744,-93.47,
30.761,-92.99,
30.777,-92.51,
30.794,-91.97,
30.811,-91.43,
30.828,-90.90,
30.844,-90.30,
30.861,-89.71,
30.878,-89.05,
30.894,-88.49,
30.911,-87.91,
30.928,-87.37,
30.945,-86.81,
30.961,-86.28,
30.978,-85.78,
30.995,-85.36,
31.011,-85.02,
31.028,-84.66,
31.045,-84.41,
31.062,-84.22,
31.078,-84.07,
31.095,-84.04,
31.112,-84.04,
31.128,-84.08,
31.145,-84.20,
31.162,-84.41,
31.178,-84.65,
31.195,-84.94,
31.212,-85.32,
31.229,-85.73,
31.245,-86.16,
31.262,-86.68,
31.279,-87.20,
31.295,-87.73,
31.312,-88.29,
31.329,-88.87,
31.346,-89.48,
31.362,-90.07,
31.379,-90.63,
31.396,-91.17,
31.412,-91.78,
31.429,-92.27,
31.446,-92.76,
31.463,-93.28,
31.479,-93.68,
31.496,-94.10,
31.513,-94.39,
31.529,-94.70,
31.546,-94.91,
31.563,-95.04,
31.579,-95.18,
31.596,-95.20,
31.613,-95.24,
31.630,-95.21,
31.646,-95.16,
31.663,-94.93,
31.680,-94.71,
31.696,-94.40,
31.713,-94.07,
31.730,-93.69,
31.747,-93.30,
31.763,-92.82,
31.780,-92.34,
31.797,-91.81,
31.813,-91.24,
31.830,-90.69,
31.847,-90.12,
31.864,-89.53,
31.880,-88.94,
31.897,-88.40,
31.914,-87.86,
31.930,-87.33,
31.947,-86.82,
31.964,-86.31,
31.980,-85.83,
31.997,-85.46,
32.014,-85.10,
32.031,-84.81,
32.047,-84.58,
32.064,-84.44,
32.081,-84.33,
32.097,-84.28,
32.114,-84.31,
32.131,-84.33,
32.148,-84.47,
32.164,-84.66,
32.181,-84.91,
32.198,-85.18,
32.214,-85.56,
32.231,-85.95,
32.248,-86.40,
32.265,-86.92,
32.281,-87.39,
32.298,-87.93,
32.315,-88.50,
32.331,-89.05,
32.348,-89.61,
32.365,-90.16,
32.381,-90.73,
32.398,-91.26,
32.415,-91.83,
32.432,-92.30,
32.448,-92.76,
32.465,-93.23,
32.482,-93.62,
32.498,-94.00,
32.515,-94.31,
32.532,-94.58,
32.549,-94.75,
32.565,-94.92,
32.582,-95.00,
32.599,-95.06,
32.615,-95.06,
32.632,-95.04,
32.649,-94.93,
32.666,-94.70,
32.682,-94.47,
32.699,-94.23,
32.716,-93.91,
32.732,-93.54,
32.749,-93.08,
32.766,-92.65,
32.783,-92.19,
32.799,-91.66,
32.816,-91.13,
32.833,-90.58,
32.849,-90.02,
32.866,-89.45,
32.883,-88.93,
32.899,-88.37,
32.916,-87.87,
32.933,-87.36,
32.950,-86.90,
32.966,-86.45,
32.983,-86.01,
33.000,-85.62,
33.016,-85.29,
33.033,-84.96,
33.050,-84.75,
33.067,-84.58,
33.083,-84.49,
33.100,-84.45,
33.117,-84.43,
33.133,-84.47,
33.150,-84.58,
33.167,-84.83,
33.184,-85.09,
33.200,-85.38,
33.217,-85.75,
33.234,-86.09,
33.250,-86.59,
33.267,-87.10,
33.284,-87.58,
33.300,-88.06,
33.317,-88.59,
33.334,-89.12,
33.351,-89.69,
33.367,-90.19,
33.384,-90.77,
33.401,-91.30,
33.417,-91.81,
33.434,-92.29,
33.451,-92.73,
33.468,-93.14,
33.484,-93.53,
33.501,-93.85,
33.518,-94.17,
33.534,-94.41,
33.551,-94.54,
33.568,-94.67,
33.585,-94.74,
33.601,-94.81,
33.618,-94.81,
33.635,-94.77,
33.651,-94.66,
33.668,-94.43,
33.685,-94.24,
33.701,-93.98,
33.718,-93.67,
33.735,-93.26,
33.752,-92.89,
33.768,-92.41,
33.785,-91.96,
33.802,-91.49,
33.818,-90.97,
33.835,-90.43,
33.852,-89.93,
33.869,-89.41,
33.885,-88.87,
33.902,-88.38,
33.919,-87.92,
33.935,-87.41,
33.952,-86.93,
33.969,-86.50,
33.986,-86.11,
34.002,-85.75,
34.019,-85.43,
34.036,-85.17,
34.052,-84.95,
34.069,-84.82,
34.086,-84.76,
34.102,-84.68,
34.119,-84.68,
34.136,-84.73,
34.153,-84.85,
34.169,-85.05,
34.186,-85.34,
34.203,-85.65,
34.219,-85.98,
34.236,-86.36,
34.253,-86.84,
34.270,-87.28,
34.286,-87.74,
34.303,-88.23,
34.320,-88.75,
34.336,-89.27,
34.353,-89.81,
34.370,-90.31,
34.387,-90.82,
34.403,-91.32,
34.420,-91.80,
34.437,-92.27,
34.453,-92.69,
34.470,-93.11,
34.487,-93.45,
34.504,-93.81,
34.520,-94.07,
34.537,-94.28,
34.554,-94.51,
34.570,-94.61,
34.587,-94.67,
34.604,-94.65,
34.620,-94.63,
34.637,-94.58,
34.654,-94.42,
34.671,-94.24,
34.687,-93.99,
34.704,-93.72,
34.721,-93.42,
34.737,-93.07,
34.754,-92.67,
34.771,-92.26,
34.788,-91.82,
34.804,-91.32,
34.821,-90.80,
34.838,-90.30,
34.854,-89.79,
34.871,-89.24,
34.888,-88.75,
34.905,-88.23,
34.921,-87.76,
34.938,-87.26,
34.955,-86.82,
34.971,-86.36,
34.988,-86.01,
35.005,-85.70,
35.021,-85.41,
35.038,-85.17,
35.055,-85.01,
35.072,-84.84,
35.088,-84.79,
35.105,-84.73,
35.122,-84.75,
35.138,-84.80,
35.155,-84.97,
35.172,-85.20,
35.189,-85.42,
35.205,-85.73,
35.222,-86.04,
35.239,-86.44,
35.255,-86.89,
35.272,-87.32,
35.289,-87.78,
35.306,-88.28,
35.322,-88.76,
35.339,-89.27,
35.356,-89.77,
35.372,-90.27,
35.389,-90.79,
35.406,-91.27,
35.422,-91.77,
35.439,-92.19,
35.456,-92.62,
35.473,-92.94,
35.489,-93.35,
35.506,-93.63,
35.523,-93.87,
35.539,-94.09,
35.556,-94.23,
35.573,-94.34,
35.590,-94.40,
35.606,-94.41,
35.623,-94.38,
35.640,-94.30,
35.656,-94.16,
35.673,-93.91,
35.690,-93.70,
35.707,-93.44,
35.723,-93.12,
35.740,-92.74,
35.757,-92.36,
35.773,-91.95,
35.790,-91.50,
35.807,-91.04,
35.823,-90.54,
35.840,-90.06,
35.857,-89.56,
35.874,-89.05,
35.890,-88.54,
35.907,-88.07,
35.924,-87.57,
35.940,-87.11,
35.957,-86.73,
35.974,-86.35,
35.991,-86.04,
36.007,-85.71,
36.024,-85.45,
36.041,-85.24,
36.057,-85.06,
36.074,-85.01,
36.091,-84.93,
36.108,-84.92,
36.124,-84.93,
36.141,-84.99,
36.158,-85.18,
36.174,-85.40,
36.191,-85.67,
36.208,-85.96,
36.224,-86.30,
36.241,-86.67,
36.258,-87.10,
36.275,-87.53,
36.291,-87.96,
36.308,-88.45,
36.325,-88.94,
36.341,-89.46,
36.358,-89.97,
36.375,-90.45,
36.392,-90.94,
36.408,-91.43,
36.425,-91.89,
36.442,-92.27,
36.458,-92.68,
36.475,-93.01,
36.492,-93.37,
36.509,-93.62,
36.525,-93.85,
36.542,-94.01,
36.559,-94.17,
36.575,-94.25,
36.592,-94.29,
36.609,-94.29,
36.626,-94.28,
36.642,-94.22,
36.659,-94.05,
36.676,-93.85,
36.692,-93.60,
36.709,-93.29,
36.726,-93.00,
36.742,-92.63,
36.759,-92.20,
36.776,-91.80,
36.793,-91.39,
36.809,-90.93,
36.826,-90.49,
36.843,-90.03,
36.859,-89.53,
36.876,-89.05,
36.893,-88.55,
36.910,-88.08,
36.926,-87.64,
36.943,-87.22,
36.960,-86.81,
36.976,-86.47,
36.993,-85.85,
37.010,-85.87,
37.027,-85.63,
37.043,-85.45,
37.060,-85.33,
37.077,-85.24,
37.093,-85.18,
37.110,-85.19,
37.127,-85.23,
37.143,-85.33,
37.160,-85.50,
37.177,-85.69,
37.194,-85.94,
37.210,-86.26,
37.227,-86.57,
37.244,-86.96,
37.260,-87.35,
37.277,-87.81,
37.294,-88.22,
37.311,-88.67,
37.327,-89.15,
37.344,-89.68,
37.361,-90.12,
37.377,-90.57,
37.394,-91.03,
37.411,-91.49,
37.428,-91.90,
37.444,-92.32,
37.461,-92.64,
37.478,-92.95,
37.494,-93.24,
37.511,-93.52,
37.528,-93.77,
37.544,-93.95,
37.561,-94.10,
37.578,-94.14,
37.595,-94.16,
37.611,-94.11,
37.628,-94.09,
37.645,-93.99,
37.661,-93.81,
37.678,-93.58,
37.695,-93.31,
37.712,-93.08,
37.728,-92.75,
37.745,-92.40,
37.762,-91.97,
37.778,-91.57,
37.795,-91.15,
37.812,-90.76,
37.829,-90.29,
37.845,-89.82,
37.862,-89.34,
37.879,-88.85,
37.895,-88.38,
37.912,-87.98,
37.929,-87.54,
37.945,-87.15,
37.962,-86.79,
37.979,-86.44,
37.996,-86.15,
38.012,-85.88,
38.029,-85.67,
38.046,-85.54,
38.062,-85.41,
38.079,-85.30,
38.096,-85.26,
38.113,-85.28,
38.129,-85.29,
38.146,-85.36,
38.163,-85.60,
38.179,-85.84,
38.196,-86.14,
38.213,-86.44,
38.230,-86.77,
38.246,-87.16,
38.263,-87.55,
38.280,-87.97,
38.296,-88.40,
38.313,-88.82,
38.330,-89.30,
38.347,-89.76,
38.363,-90.20,
38.380,-90.69,
38.397,-91.13,
38.413,-91.55,
38.430,-91.92,
38.447,-92.32,
38.463,-92.65,
38.480,-92.93,
38.497,-93.26,
38.514,-93.48,
38.530,-93.68,
38.547,-93.86,
38.564,-93.93,
38.580,-94.00,
38.597,-94.04,
38.614,-94.03,
38.631,-93.97,
38.647,-93.86,
38.664,-93.67,
38.681,-93.48,
38.697,-93.23,
38.714,-92.97,
38.731,-92.67,
38.748,-92.32,
38.764,-91.94,
38.781,-91.55,
38.798,-91.13,
38.814,-90.64,
38.831,-90.23,
38.848,-89.79,
38.864,-89.35,
38.881,-88.89,
38.898,-88.45,
38.915,-88.06,
38.931,-87.61,
38.948,-87.24,
38.965,-86.89,
38.981,-86.58,
38.998,-86.33,
39.015,-86.12,
39.032,-85.93,
39.048,-85.77,
39.065,-85.66,
39.082,-85.60,
39.098,-85.58,
39.115,-85.62,
39.132,-85.67,
39.149,-85.84,
39.165,-86.04,
39.182,-86.23,
39.199,-86.47,
39.215,-86.77,
39.232,-87.09,
39.249,-87.47,
39.265,-87.83,
39.282,-88.22,
39.299,-88.68,
39.316,-89.14,
39.332,-89.57,
39.349,-89.99,
39.366,-90.44,
39.382,-90.89,
39.399,-91.29,
39.416,-91.72,
39.433,-92.08,
39.449,-92.40,
39.466,-92.68,
39.483,-93.02,
39.499,-93.30,
39.516,-93.48,
39.533,-93.67,
39.550,-93.81,
39.566,-93.88,
39.583,-93.91,
39.600,-93.90,
39.616,-93.83,
39.633,-93.78,
39.650,-93.64,
39.666,-93.44,
39.683,-93.24,
39.700,-93.01,
39.717,-92.71,
39.733,-92.44,
39.750,-92.08,
39.767,-91.71,
39.783,-91.33,
39.800,-90.89,
39.817,-90.49,
39.834,-90.05,
39.850,-89.62,
39.867,-89.18,
39.884,-88.75,
39.900,-88.34,
39.917,-87.93,
39.934,-87.51,
39.951,-87.16,
39.967,-86.86,
39.984,-86.56,
40.001,-86.32,
40.017,-86.11,
40.034,-85.95,
40.051,-85.86,
40.068,-85.74,
40.084,-85.71,
40.101,-85.68,
40.118,-85.70,
40.134,-85.77,
40.151,-85.94,
40.168,-86.12,
40.184,-86.35,
40.201,-86.67,
40.218,-87.00,
40.235,-87.28,
40.251,-87.62,
40.268,-88.01,
40.285,-88.40,
40.301,-88.80,
40.318,-89.24,
40.335,-89.64,
40.352,-90.10,
40.368,-90.54,
40.385,-90.91,
40.402,-91.34,
40.418,-91.67,
40.435,-92.05,
40.452,-92.38,
40.469,-92.66,
40.485,-92.96,
40.502,-93.17,
40.519,-93.41,
40.535,-93.54,
40.552,-93.63,
40.569,-93.67,
40.585,-93.75,
40.602,-93.76,
40.619,-93.71,
40.636,-93.66,
40.652,-93.46,
40.669,-93.30,
40.686,-93.11,
40.702,-92.79,
40.719,-92.53,
40.736,-92.22,
40.753,-91.86,
40.769,-91.49,
40.786,-91.11,
40.803,-90.71,
40.819,-90.30,
40.836,-89.90,
40.853,-89.47,
40.870,-89.06,
40.886,-88.63,
40.903,-88.30,
40.920,-87.85,
40.936,-87.52,
40.953,-87.19,
40.970,-86.89,
40.986,-86.63,
41.003,-86.42,
41.020,-86.23,
41.037,-86.03,
41.053,-85.94,
41.070,-85.85,
41.087,-85.85,
41.103,-85.88,
41.120,-85.92,
41.137,-85.97,
41.154,-86.19,
41.170,-86.38,
41.187,-86.61,
41.204,-86.89,
41.220,-87.19,
41.237,-87.51,
41.254,-87.86,
41.271,-88.24,
41.287,-88.62,
41.304,-89.46,
41.321,-89.87,
41.337,-90.25,
41.354,-90.67,
41.371,-91.07,
41.387,-91.43,
41.404,-91.81,
41.421,-92.12,
41.438,-92.42,
41.454,-92.72,
41.471,-92.98,
41.488,-93.19,
41.504,-93.35,
41.521,-93.51,
41.538,-93.59,
41.555,-93.63,
41.571,-93.62,
41.588,-93.59,
41.605,-93.55,
41.621,-93.55,
41.638,-93.40,
41.655,-93.26,
41.672,-93.05,
41.688,-92.84,
41.705,-92.57,
41.722,-92.29,
41.738,-91.97,
41.755,-91.67,
41.772,-91.31,
41.789,-90.94,
41.805,-90.56,
41.822,-90.14,
41.839,-89.75,
41.855,-89.35,
41.872,-88.94,
41.889,-88.55,
41.905,-88.16,
41.922,-87.84,
41.939,-87.44,
41.956,-87.15,
41.972,-86.61,
41.989,-86.41,
42.006,-86.25,
42.022,-86.11,
42.039,-86.05,
42.056,-85.98,
42.073,-85.96,
42.089,-85.95,
42.106,-86.01,
42.123,-86.12,
42.139,-86.31,
42.156,-86.47,
42.173,-86.73,
42.190,-86.97,
42.206,-87.28,
42.223,-87.59,
42.240,-87.99,
42.256,-88.36,
42.273,-88.74,
42.290,-89.13,
42.306,-89.52,
42.323,-89.96,
42.340,-90.32,
42.357,-90.71,
42.373,-91.07,
42.390,-91.44,
42.407,-91.78,
42.423,-92.08,
42.440,-92.36,
42.457,-92.61,
42.474,-92.85,
42.490,-93.00,
42.507,-93.14,
42.524,-93.23,
42.540,-93.35,
42.557,-93.39,
42.574,-93.39,
42.591,-93.34,
42.607,-93.27,
42.624,-93.17,
42.641,-93.03,
42.657,-92.83,
42.674,-92.61,
42.691,-92.32,
42.707,-92.05,
42.724,-91.75,
42.741,-91.42,
42.758,-91.08,
42.774,-90.67,
42.791,-90.33,
42.808,-89.94,
42.824,-89.56,
42.841,-89.16,
42.858,-88.80,
42.875,-88.43,
42.891,-88.06,
42.908,-87.70,
42.925,-87.41,
42.941,-87.13,
42.958,-86.89,
42.975,-86.63,
42.992,-86.50,
43.008,-86.33,
43.025,-86.24,
43.042,-86.14,
43.058,-86.11,
43.075,-86.11,
43.092,-86.16,
43.108,-86.24,
43.125,-86.38,
43.142,-86.54,
43.159,-86.74,
43.175,-86.97,
43.192,-87.25,
43.209,-87.53,
43.225,-87.83,
43.242,-88.14,
43.259,-88.52,
43.276,-88.91,
43.292,-89.28,
43.309,-89.65,
43.326,-90.03,
43.342,-90.41,
43.359,-90.79,
43.376,-91.16,
43.393,-91.56,
43.409,-91.83,
43.426,-92.10,
43.443,-92.33,
43.459,-92.59,
43.476,-92.79,
43.493,-92.99,
43.509,-93.09,
43.526,-93.19,
43.543,-93.27,
43.560,-93.30,
43.576,-93.31,
43.593,-93.26,
43.610,-93.21,
43.626,-93.06,
43.643,-92.90,
43.660,-92.66,
43.677,-92.47,
43.693,-92.20,
43.710,-91.96,
43.727,-91.64,
43.743,-91.28,
43.760,-90.93,
43.777,-90.60,
43.794,-90.22,
43.810,-89.83,
43.827,-89.46,
43.844,-89.07,
43.860,-88.70,
43.877,-88.35,
43.894,-88.03,
43.911,-87.70,
43.927,-87.42,
43.944,-87.13,
43.961,-86.92,
43.977,-86.71,
43.994,-86.57,
44.011,-86.39,
44.027,-86.30,
44.044,-86.24,
44.061,-86.22,
44.078,-86.20,
44.094,-86.22,
44.111,-86.30,
44.128,-86.45,
44.144,-86.64,
44.161,-86.87,
44.178,-87.10,
44.195,-87.43,
44.211,-87.72,
44.228,-88.03,
44.245,-88.38,
44.261,-88.72,
44.278,-89.10,
44.295,-89.45,
44.312,-89.81,
44.328,-90.18,
44.345,-90.53,
44.362,-90.89,
44.378,-91.24,
44.395,-91.60,
44.412,-91.86,
44.428,-92.11,
44.445,-92.34,
44.462,-92.57,
44.479,-92.74,
44.495,-92.90,
44.512,-92.98,
44.529,-93.08,
44.545,-93.13,
44.562,-93.12,
44.579,-93.10,
44.596,-93.04,
44.612,-92.93,
44.629,-92.81,
44.646,-92.64,
44.662,-92.46,
44.679,-92.21,
44.696,-92.00,
44.713,-91.68,
44.729,-91.40,
44.746,-91.08,
44.763,-90.73,
44.779,-90.39,
44.796,-90.05,
44.813,-89.69,
44.829,-89.31,
44.846,-88.95,
44.863,-88.60,
44.880,-88.25,
44.896,-87.93,
44.913,-87.65,
44.930,-87.40,
44.946,-87.14,
44.963,-86.95,
44.980,-86.77,
44.997,-86.62,
45.013,-86.51,
45.030,-86.40,
45.047,-86.37,
45.063,-86.38,
45.080,-86.39,
45.097,-86.47,
45.114,-86.57,
45.130,-86.69,
45.147,-86.90,
45.164,-87.09,
45.180,-87.39,
45.197,-87.67,
45.214,-87.97,
45.230,-88.32,
45.247,-88.59,
45.264,-88.91,
45.281,-89.29,
45.297,-89.63,
45.314,-89.99,
45.331,-90.36,
45.347,-90.64,
45.364,-91.01,
45.381,-91.33,
45.398,-91.63,
45.414,-91.91,
45.431,-92.15,
45.448,-92.38,
45.464,-92.58,
45.481,-92.72,
45.498,-92.86,
45.515,-92.94,
45.531,-93.06,
45.548,-93.06,
45.565,-93.06,
45.581,-93.04,
45.598,-92.97,
45.615,-92.90,
45.632,-92.71,
45.648,-92.52,
45.665,-92.32,
45.682,-92.07,
45.698,-91.81,
45.715,-91.48,
45.732,-91.22,
45.748,-90.89,
45.765,-90.59,
45.782,-90.23,
45.799,-89.88,
45.815,-89.55,
45.832,-89.21,
45.849,-88.87,
45.865,-88.55,
45.882,-88.21,
45.899,-87.91,
45.916,-87.65,
45.932,-87.41,
45.949,-87.17,
45.966,-86.99,
45.982,-86.83,
45.999,-86.72,
46.016,-86.61,
46.033,-86.57,
46.049,-86.51,
46.066,-86.49,
46.083,-86.52,
46.099,-86.55,
46.116,-86.68,
46.133,-86.86,
46.149,-87.09,
46.166,-87.31,
46.183,-87.56,
46.200,-87.80,
46.216,-88.12,
46.233,-88.43,
46.250,-88.78,
46.266,-89.08,
46.283,-89.38,
46.300,-89.75,
46.317,-90.09,
46.333,-90.43,
46.350,-90.77,
46.367,-91.08,
46.383,-91.39,
46.400,-91.67,
46.417,-91.94,
46.434,-92.21,
46.450,-92.43,
46.467,-92.63,
46.484,-92.72,
46.500,-92.86,
46.517,-92.90,
46.534,-92.92,
46.550,-92.97,
46.567,-92.98,
46.584,-92.96,
46.601,-92.90,
46.617,-92.73,
46.634,-92.57,
46.651,-92.37,
46.667,-92.15,
46.684,-91.91,
46.701,-91.63,
46.718,-91.37,
46.734,-91.01,
46.751,-90.70,
46.768,-90.41,
46.784,-90.08,
46.801,-89.75,
46.818,-89.38,
46.835,-89.08,
46.851,-88.74,
46.868,-88.42,
46.885,-88.12,
46.901,-87.87,
46.918,-87.61,
46.935,-87.42,
46.951,-87.22,
46.968,-87.05,
46.985,-86.89,
47.002,-86.76,
47.018,-86.68,
47.035,-86.63,
47.052,-86.64,
47.068,-86.66,
47.085,-86.69,
47.102,-86.80,
47.119,-86.92,
47.135,-87.11,
47.152,-87.30,
47.169,-87.51,
47.185,-87.78,
47.202,-88.00,
47.219,-88.31,
47.236,-88.62,
47.252,-88.97,
47.269,-89.31,
47.286,-89.60,
47.302,-89.90,
47.319,-90.26,
47.336,-90.57,
47.353,-90.87,
47.369,-91.15,
47.386,-91.47,
47.403,-91.73,
47.419,-91.96,
47.436,-92.17,
47.453,-92.41,
47.469,-92.56,
47.486,-92.68,
47.503,-92.78,
47.520,-92.83,
47.536,-92.86,
47.553,-92.84,
47.570,-92.83,
47.586,-92.79,
47.603,-92.71,
47.620,-92.51,
47.637,-92.39,
47.653,-92.13,
47.670,-91.90,
47.687,-91.69,
47.703,-91.44,
47.720,-91.17,
47.737,-90.85,
47.754,-90.53,
47.770,-90.22,
47.787,-89.91,
47.804,-89.58,
47.820,-89.23,
47.837,-88.93,
47.854,-88.62,
47.870,-88.35,
47.887,-88.09,
47.904,-87.83,
47.921,-87.54,
47.937,-87.31,
47.954,-87.14,
47.971,-86.97,
47.987,-86.88,
48.004,-86.80,
48.021,-86.72,
48.038,-86.68,
48.054,-86.69,
48.071,-86.72,
48.088,-86.77,
48.104,-86.88,
48.121,-87.03,
48.138,-87.24,
48.155,-87.43,
48.171,-87.65,
48.188,-87.91,
48.205,-88.23,
48.221,-88.49,
48.238,-88.80,
48.255,-89.09,
48.271,-89.40,
48.288,-89.76,
48.305,-90.05,
48.322,-90.39,
48.338,-90.71,
48.355,-91.01,
48.372,-91.26,
48.388,-91.52,
48.405,-91.78,
48.422,-91.98,
48.439,-92.19,
48.455,-92.38,
48.472,-92.50,
48.489,-92.60,
48.505,-92.66,
48.522,-92.74,
48.539,-92.74,
48.556,-92.74,
48.572,-92.71,
48.589,-92.69,
48.606,-92.54,
48.622,-92.41,
48.639,-92.23,
48.656,-92.07,
48.672,-91.81,
48.689,-91.56,
48.706,-91.28,
48.723,-91.00,
48.739,-90.69,
48.756,-90.38,
48.773,-90.14,
48.789,-89.80,
48.806,-89.47,
48.823,-89.18,
48.840,-88.89,
48.856,-88.64,
48.873,-88.37,
48.890,-88.13,
48.906,-87.89,
48.923,-87.67,
48.940,-87.46,
48.957,-87.28,
48.973,-87.17,
48.990,-87.09,
49.007,-87.01,
49.023,-86.96,
49.040,-86.93,
49.057,-86.92,
49.074,-86.96,
49.090,-87.01,
49.107,-87.14,
49.124,-87.33,
49.140,-87.48,
49.157,-87.67,
49.174,-87.93,
49.190,-88.20,
49.207,-88.49,
49.224,-88.73,
49.241,-89.07,
49.257,-89.33,
49.274,-89.59,
49.291,-89.90,
49.307,-90.22,
49.324,-90.53,
49.341,-90.82,
49.358,-91.07,
49.374,-91.34,
49.391,-91.57,
49.408,-91.79,
49.424,-91.99,
49.441,-92.17,
49.458,-92.35,
49.475,-92.42,
49.491,-92.55,
49.508,-92.59,
49.525,-92.59,
49.541,-92.60,
49.558,-92.57,
49.575,-92.53,
49.591,-92.45,
49.608,-92.32,
49.625,-92.14,
49.642,-91.97,
49.658,-91.79,
49.675,-91.54,
49.692,-91.27,
49.708,-91.03,
49.725,-90.72,
49.742,-90.45,
49.759,-90.17,
49.775,-89.90,
49.792,-89.62,
49.809,-89.31,
49.825,-89.01,
49.842,-88.72,
49.859,-88.44,
49.876,-88.18,
49.892,-87.96,
49.909,-87.73,
49.926,-87.52,
49.942,-87.36,
49.959,-87.21,
49.976,-87.12,
49.992,-87.05,
50.009,-86.96,
50.026,-86.92,
50.043,-86.94,
50.059,-86.97,
50.076,-87.01,
50.093,-87.07,
50.109,-87.23,
50.126,-87.37,
50.143,-87.59,
50.160,-87.79,
50.176,-88.04,
50.193,-88.27,
50.210,-88.52,
50.226,-88.84,
50.243,-89.06,
50.260,-89.35,
50.277,-89.64,
50.293,-89.97,
50.310,-90.26,
50.327,-90.55,
50.343,-90.86,
50.360,-91.07,
50.377,-91.32,
50.393,-91.53,
50.410,-91.76,
50.427,-91.93,
50.444,-92.09,
50.460,-92.21,
50.477,-92.33,
50.494,-92.38,
50.510,-92.43,
50.527,-92.46,
50.544,-92.48,
50.561,-92.45,
50.577,-92.44,
50.594,-92.34,
50.611,-92.16,
50.627,-92.03,
50.644,-91.83,
50.661,-91.57,
50.678,-91.36,
50.694,-91.09,
50.711,-90.83,
50.728,-90.52,
50.744,-90.26,
50.761,-89.95,
50.778,-89.69,
50.794,-89.42,
50.811,-89.12,
50.828,-88.89,
50.845,-88.63,
50.861,-88.39,
50.878,-88.15,
50.895,-87.93,
50.911,-87.75,
50.928,-87.57,
50.945,-87.37,
50.962,-87.26,
50.978,-87.18,
50.995,-87.12,
51.012,-87.09,
51.028,-87.10,
51.045,-87.12,
51.062,-87.15,
51.079,-87.22,
51.095,-87.36,
51.112,-87.53,
51.129,-87.69,
51.145,-87.88,
51.162,-88.11,
51.179,-88.36,
51.196,-88.65,
51.212,-88.88,
51.229,-89.20,
51.246,-89.46,
51.262,-89.76,
51.279,-90.04,
51.296,-90.29,
51.312,-90.56,
51.329,-90.81,
51.346,-91.08,
51.363,-91.31,
51.379,-91.51,
51.396,-91.72,
51.413,-91.93,
51.429,-92.09,
51.446,-92.22,
51.463,-92.32,
51.480,-92.42,
51.496,-92.47,
51.513,-92.50,
51.530,-92.53,
51.546,-92.49,
51.563,-92.47,
51.580,-92.38,
51.597,-92.24,
51.613,-92.09,
51.630,-91.93,
51.647,-91.71,
51.663,-91.53,
51.680,-91.26,
51.697,-91.04,
51.713,-90.75,
51.730,-90.47,
51.747,-90.22,
51.764,-89.94,
51.780,-89.65,
51.797,-89.38,
51.814,-89.13,
51.830,-88.88,
51.847,-88.64,
51.864,-88.40,
51.881,-88.20,
51.897,-87.98,
51.914,-87.77,
51.931,-87.59,
51.947,-87.50,
51.964,-87.36,
51.981,-87.28,
51.998,-87.24,
52.014,-87.18,
52.031,-87.19,
52.048,-87.21,
52.064,-87.27,
52.081,-87.38,
52.098,-87.50,
52.114,-87.66,
52.131,-87.85,
52.148,-88.07,
52.165,-88.27,
52.181,-88.48,
52.198,-88.71,
52.215,-89.00,
52.231,-89.25,
52.248,-89.53,
52.265,-89.79,
52.282,-90.06,
52.298,-90.36,
52.315,-90.59,
52.332,-90.81,
52.348,-91.05,
52.365,-91.28,
52.382,-91.46,
52.399,-91.70,
52.415,-91.87,
52.432,-92.00,
52.449,-92.11,
52.465,-92.18,
52.482,-92.27,
52.499,-92.33,
52.515,-92.32,
52.532,-92.32,
52.549,-92.26,
52.566,-92.21,
52.582,-92.12,
52.599,-91.98,
52.616,-91.83,
52.632,-91.64,
52.649,-91.47,
52.666,-91.24,
52.683,-91.02,
52.699,-90.77,
52.716,-90.49,
52.733,-90.27,
52.749,-89.97,
52.766,-89.71,
52.783,-89.43,
52.800,-89.22,
52.816,-88.92,
52.833,-88.68,
52.850,-88.45,
52.866,-88.21,
52.883,-87.99,
52.900,-87.85,
52.917,-87.69,
52.933,-87.56,
52.950,-87.41,
52.967,-87.36,
52.983,-87.31,
53.000,-87.22,
53.017,-87.22,
53.033,-87.23,
53.050,-87.25,
53.067,-87.31,
53.084,-87.42,
53.100,-87.57,
53.117,-87.68,
53.134,-87.91,
53.150,-88.12,
53.167,-88.39,
53.184,-88.61,
53.201,-88.88,
53.217,-89.18,
53.234,-89.46,
53.251,-89.69,
53.267,-90.00,
53.284,-90.24,
53.301,-90.52,
53.318,-90.75,
53.334,-90.99,
53.351,-91.24,
53.368,-91.43,
53.384,-91.59,
53.401,-91.78,
53.418,-91.94,
53.434,-92.06,
53.451,-92.14,
53.468,-92.20,
53.485,-92.25,
53.501,-92.29,
53.518,-92.30,
53.535,-92.28,
53.551,-92.25,
53.568,-92.16,
53.585,-92.06,
53.602,-91.87,
53.618,-91.70,
53.635,-91.54,
53.652,-91.30,
53.668,-91.07,
53.685,-90.85,
53.702,-90.56,
53.719,-90.33,
53.735,-90.06,
53.752,-89.78,
53.769,-89.51,
53.785,-89.25,